email,first_name,last_name,password
ijackson@hotmail.com,Franklyn,Mcdaniel,9NBh4NZH
burns@sbcglobal.net,Dwain,Hughes,tzxJnw9e
bbirth@att.net,Rachelle,Garza,9MwDjF7C
mlewan@sbcglobal.net,Jan,Tucker,kkrBkJ4P
ducasse@verizon.net,Corinne,Arias,Kb7ytrDG
cameron@gmail.com,Winifred,Sosa,uHcPVVJw
noneme@aol.com,Elaine,Tran,qyMjFwMJ
johndo@aol.com,Christina,Chandler,uba39G6y
sbmrjbr@outlook.com,Glenna,Zuniga,Bdv8BAb3
kmiller@yahoo.com,Ronny,Webb,8K3je6Ku
heroine@comcast.net,Angela,Black,E43ZN5dN
slanglois@outlook.com,Leon,Galvan,8TAJfmTg
erynf@msn.com,Toni,King,HRUtanSk
jbearp@hotmail.com,Hung,Huffman,YnjYHQfH
madler@sbcglobal.net,Ellen,Frey,ZySAeDDN
pontipak@yahoo.ca,Ilene,Mendez,JrWd4jzu
lamprecht@mac.com,Jere,Hensley,HfR5pbA4
gavollink@me.com,Sol,Vaughan,SHWFje2N
manuals@comcast.net,Lance,Rivers,zGwz586A
gknauss@hotmail.com,Randell,Davidson,m7JKuFZ7
johnh@me.com,Jerri,House,ZmCKY4aS
jesse@outlook.com,Jarred,Nicholson,8SKb7Bmq
ateniese@mac.com,Whitney,Velasquez,8vgx2vFv
philb@icloud.com,Georgia,Houston,NMtBCF9X
marnanel@live.com,Norman,Saunders,ydxBrz5C
dobey@msn.com,Roberto,Buck,bN6dk8FM
wikinerd@outlook.com,Jamel,Barr,MWATrJv4
martink@gmail.com,Carmella,Jackson,8xTtAn8X
schwaang@aol.com,Long,Estrada,k2ATCysL
paina@sbcglobal.net,Garland,Haney,CaL9bugE
bahwi@hotmail.com,Johnathan,Clayton,5Z9S2saL
crobles@comcast.net,Harlan,Morris,wAXcCMTY
eabrown@outlook.com,Olga,Deleon,EDH2qkpN
melnik@hotmail.com,Wayne,Jordan,keQ3aSSa
jbarta@msn.com,Arden,Andrews,8NSVWw9N
graham@verizon.net,Jarvis,Nash,4Jgy7MZe
tkrotchko@yahoo.ca,Franklyn,Walters,vd6Fk672
harryh@me.com,Rachael,Bradford,pQFXmb8U
skippy@yahoo.com,Zachary,Rosales,4cqQhfrk
neonatus@outlook.com,Delores,Calhoun,uHAjSQxM
bester@msn.com,Rosemary,Mullins,DZ2UmMgS
cyrus@hotmail.com,Elmo,Solomon,WzevFkXB
maneesh@yahoo.ca,Rebecca,Robertson,ZC2EKEAV
afeldspar@comcast.net,Celeste,Carrillo,VRqh2jz9
scotfl@comcast.net,Janie,Pittman,7gQ62JuH
shawnce@outlook.com,Leola,Oneill,b8un64eT
qmacro@comcast.net,Murray,Freeman,PsgrMm8n
gravyface@yahoo.ca,Jamaal,Serrano,6vfs9J3e
hling@msn.com,Kris,Cardenas,pxKsjAPn
epeeist@yahoo.com,Wilbert,Shelton,tCP4Dk44
north@hotmail.com,Sonia,Velez,ZR4YTcvF
jmmuller@aol.com,Eliseo,Galloway,CxtGnSQS
duchamp@icloud.com,Bill,Reilly,X8hEs4fu
plover@mac.com,Gena,Delgado,gnGTgXw7
choset@verizon.net,Lolita,Davies,25HVsXPA
padme@verizon.net,Efrain,Chaney,7qb77UF5
trygstad@hotmail.com,Clarice,Butler,QUATwc2A
djupedal@live.com,Dannie,Davis,tAWpFZT4
mhouston@hotmail.com,Margarito,Orozco,WKBJUnV9
sharon@gmail.com,Ken,Bender,RHUF9UZC
barlow@yahoo.com,Sheldon,Harrell,vVZx2XD5
rattenbt@yahoo.com,Shelby,Hall,CL3xAc3q
hstiles@optonline.net,Earline,Macdonald,MyceLUqv
sisyphus@live.com,Patricia,Fisher,LAx5mPmL
martyloo@yahoo.com,Erasmo,Chapman,j4kvMBmd
stakasa@live.com,Columbus,Estes,x3N6SehG
garland@me.com,Bryant,Pierce,3RKK8Gxq
william@gmail.com,Chong,Kim,KnvE2yea
weidai@verizon.net,Kate,Knapp,DdJbPqAt
sjmuir@aol.com,Crystal,Carson,mdS6y3FL
milton@comcast.net,Clement,Wang,QySLTAKK
geoffr@mac.com,Susana,Mckenzie,wvuf3Hmv
dawnsong@verizon.net,Gwen,Griffith,wa8hEWkH
facet@sbcglobal.net,Latasha,Richmond,9UHLQjj5
studyabr@mac.com,Ida,Roth,PrdJ4MHV
jhardin@verizon.net,Louella,Callahan,8FSesEar
munjal@mac.com,Socorro,Hanna,UUg53DHn
sonnen@msn.com,Tracey,Durham,6dDV6JZG
petersen@yahoo.com,Pearlie,Baxter,GkWNpU7v
seanq@me.com,Jeff,Juarez,Gw5sBE9W
jnolan@outlook.com,Natasha,Gill,9zMaFJeQ
bockelboy@yahoo.com,Erica,Bauer,s2r7rwJY
mfleming@sbcglobal.net,Cornelius,Beard,JdN8g2Wf
mnemonic@yahoo.com,Mario,Weaver,dyZyTE6X
bartlett@verizon.net,Ty,Torres,JtZMMMPN
zwood@aol.com,Leona,Turner,aAkqHrSa
maradine@live.com,Olen,Hendricks,NxupVx5m
dalamb@att.net,Alana,Neal,FLpb8pGL
ivoibs@gmail.com,Rolf,Norris,xcsgFJyM
geeber@gmail.com,Clayton,Montes,xdP397Tu
papathan@gmail.com,Dario,Mcclure,JHDSReEC
rtanter@hotmail.com,Casandra,Branch,dre3JfE5
dkasak@mac.com,Adriana,Ramsey,jqAxV7va
jmmuller@verizon.net,Virginia,Fritz,WD4rtqxs
thomasj@verizon.net,Kyle,Young,DRYR3V85
mobileip@live.com,Bernadette,Casey,bqRLEm96
cgarcia@aol.com,Lydia,Scott,qZrYRVSZ
cmdrgravy@me.com,Lakeisha,Day,mc9q5hsY
ianbuck@att.net,Alta,Lamb,JhSwvgqu
rwelty@hotmail.com,Connie,Powell,9LBE8MtP
dbindel@aol.com,Gordon,Fletcher,ULnACMub
henkp@hotmail.com,Beatriz,Wright,ssKkcVep
tromey@verizon.net,Joaquin,Taylor,bL5QSMQd
debest@sbcglobal.net,Sid,Watson,hf8FMPUm
fhirsch@aol.com,Bertie,Lane,LJWeLFRv
qmacro@icloud.com,Lila,Moon,VDeMdR4q
jpflip@gmail.com,Paulette,Beltran,hczPUNVX
xtang@sbcglobal.net,Ryan,Banks,3B3UMKtt
mcnihil@aol.com,Dudley,Valenzuela,smAKyUdk
draper@verizon.net,Toney,Jacobson,wskUWbeU
saridder@yahoo.com,Jamar,Proctor,7vZyLVX7
lstaf@sbcglobal.net,Lucien,Sawyer,Pgn45Gxz
dhwon@comcast.net,Willis,Mann,ZcpSwU7e
lstaf@comcast.net,Katheryn,Bryant,FS5LD3An
doche@att.net,Raymundo,Diaz,7BAXTFuv
inico@verizon.net,Brianna,Gomez,jcF4VLfU
carreras@sbcglobal.net,Gilbert,Dawson,N8gYd3Yb
imightb@optonline.net,Jesus,Parks,vGLgdj3m
sinkou@optonline.net,Otha,Jennings,KPUnz27Y
adillon@yahoo.ca,Lizzie,Gibbs,ejR2kqRD
tkrotchko@yahoo.ca,Jessica,Fowler,hHM5MxUc
bolow@gmail.com,Ahmed,Bray,J9vHqwHW
oneiros@sbcglobal.net,Staci,Sanchez,kSrJrnPz
rtanter@outlook.com,Beau,Dougherty,q9DMWpWM
afeldspar@msn.com,Glen,Walton,4yLr6xCw
rnewman@comcast.net,Monty,Nixon,UUtuCvER
pkilab@me.com,Shayne,Sims,R6xutHSQ
snunez@comcast.net,Lori,Brady,6F93j5Dp
improv@icloud.com,Gracie,Hickman,tgqGTxet
oevans@comcast.net,Jenifer,Lara,XH33QYNL
dieman@sbcglobal.net,Emil,Bennett,vz8YsUFv
denism@comcast.net,Georgette,Bullock,8nt7UAsA
bjornk@mac.com,Carole,Lewis,WXNMsCaQ
tellis@verizon.net,Minerva,Page,dGNcx43u
euice@aol.com,Randal,Hampton,nMF98mgv
moinefou@icloud.com,Alexandria,Wells,8VEsHWp7
fukuchi@live.com,Josefa,Davenport,7DcWrP7H
avalon@aol.com,George,Barajas,USyMB9rc
yumpy@aol.com,Errol,Ruiz,wFXy7BU6
jrkorson@live.com,Dewey,Bean,pbgymMB5
barlow@mac.com,Carla,Tyler,Sb9aTvty
grothoff@optonline.net,Lea,Bautista,YNgLuCTz
chrisk@hotmail.com,Brooks,Crosby,bxCTCygM
jelmer@gmail.com,Tyler,Roach,w5ZnLtzL
scarlet@mac.com,Rebekah,Becker,9HeuQ6zn
onestab@me.com,Haywood,Stephenson,ZqgYJBcU
kevinm@verizon.net,Jody,Wallace,yyLUHuM3
jshearer@gmail.com,Irene,Mcfarland,4MvmuRY3
fmerges@att.net,Beth,Werner,TgFAVMj7
rtanter@outlook.com,Bonita,Cherry,yFNXZ5MX
odlyzko@att.net,Berry,Sanders,E7GvZqae
keutzer@hotmail.com,Tiffany,Levy,qwkEY8XE
rande@msn.com,Wally,Moran,8Lj37cxP
inico@outlook.com,Felipe,Singleton,6U93wnus
lamky@live.com,Oliver,Ritter,aEWxsPVf
imightb@sbcglobal.net,Rosie,Obrien,nMDmNFVJ
camenisch@verizon.net,Mose,Weiss,Z8hzwLCe
parkes@verizon.net,Marcie,Garrett,8NVpEEhh
wbarker@outlook.com,Michelle,Livingston,GNMDDcJp
muadip@optonline.net,Jeramy,Rasmussen,x8WTDTTs
mglee@aol.com,Susie,Parsons,aF6EPcQT
shaffei@gmail.com,Florine,Terry,atxYuHkx
sriha@icloud.com,Harriet,Mendoza,f6fTBEJC
heidrich@mac.com,Margery,Caldwell,qrcMhRjU
specprog@outlook.com,Tracy,Woodward,pVfDLYxZ
cmdrgravy@hotmail.com,Galen,Jenkins,C3GA4xY2
fwiles@yahoo.ca,Sonja,Barry,XGW4Nfqc
gavinls@sbcglobal.net,Valentin,Richardson,HdBNFvLw
martink@outlook.com,Archie,Ali,zmdbmV4Y
punkis@gmail.com,Arnoldo,Edwards,p89tFpQx
gknauss@sbcglobal.net,Mitch,Lucas,axr5XNz5
yenya@sbcglobal.net,Alfredo,Briggs,2eneEWYE
jugalator@me.com,Garth,Heath,RQhXLnsN
lbaxter@sbcglobal.net,Prince,Aguirre,p3hjWjwx
parsimony@msn.com,Roosevelt,Zhang,yQJqHk65
ralamosm@msn.com,Donovan,Maddox,rHghYFKH
solomon@verizon.net,Ines,Barron,nBQ8qNSE
kronvold@gmail.com,Homer,Hahn,jDz76qJZ
lauronen@yahoo.com,Sterling,Schaefer,PnG5LbNx
rupak@att.net,Brendan,Hartman,VVsZfGBZ
sartak@sbcglobal.net,Fred,Lee,j5cXDRys
tjensen@att.net,Cherry,Sloan,uHp8BbVd
gemmell@mac.com,Claudette,Sherman,zJ9kZPhw
agolomsh@me.com,Kenny,Herman,vukMLJKu
kosact@me.com,Alexander,Stevenson,7853JL8N
drhyde@optonline.net,Marc,Watkins,gGeD73Sr
galbra@me.com,Pasquale,Brock,QwwrsKaC
grothoff@mac.com,Hiram,Rosario,AgjtKdya
heine@optonline.net,Vonda,Figueroa,5drEZwFu
ranasta@comcast.net,Luke,James,Ezh45kaf
makarow@outlook.com,Gilda,Key,p5pPsGUk
keutzer@me.com,Darrin,Simpson,dg7nyp4e
hling@outlook.com,Lela,Gallagher,FvVqCadv
drezet@comcast.net,Desmond,Pineda,p5mktU9H
amichalo@live.com,Heriberto,Goodman,bduvKejv
biglou@outlook.com,Rayford,Hicks,begFvZRb
petersen@yahoo.ca,Elinor,Williamson,ZsPsUjk3
adamk@verizon.net,Allyson,Barton,kdWhTRyj
fangorn@msn.com,Candace,Shaffer,2229AmF5
carmena@me.com,Bethany,Wood,n9YTQPbc
aaribaud@me.com,Mohammed,Hutchinson,UJZjghsM
dsugal@live.com,Shanna,Shannon,YWpYXazA
heidrich@optonline.net,Irwin,Oconnell,CNQ6THwm
notaprguy@att.net,Jae,Liu,pTnTpfFt
irving@gmail.com,Agnes,Gallegos,cShLz7td
lcheng@yahoo.ca,Jason,Blanchard,Nh8uVV3m
pspoole@att.net,Samual,Bishop,KRLfQevu
aracne@verizon.net,Hank,Cruz,kbvKrXCG
heroine@gmail.com,Cristina,Kim,xHgYTHdq